{"real":{"stats":{"mean":0.002745,"median":0.002426,"p5":-0.028,"p95":0.033251,"p99":0.074752,"n":222},"sharpe":0.143323,"n":222,"maxDrawdown":0.147973,"capital":{"maxConcurrentPositions":2,"demandPeak":3,"taken":217,"skipped":5,"pnls":[0,0.09327774882751427,0.010327911179963862,0.010522360015031904,0.005639097744360848,0.006332046332046321,0.008729050279329608,0.0030760104641984424,0.011414077362079873,-0.027999999999999997,0.0037878787878788418,-0.007193409908342088,0.007743838731485431,-0.013479435220625054,-0.005381375760411719,-0.009262025694651968,-0.010127858484945775,0.0030474941297328946,0.0025247557216866085,-0.008112493239589038,-0.027999999999999997,0.005741497859336569,-0.013514265057560796,-0.0028571428571428597,-0.027999999999999997,0.008454514710855603,0,-0.007346938775510192,-0.004889975550122145,-0.0006464124111182223,-0.0006736274840012731,-0.0045454545454546216,0.03435437468268732,0.020613107822410225,-0.027999999999999997,0.033274956217163,0,-0.002006538162893069,0.03080308030803069,0.031889763779527625,0.026004728132387796,0.003067979977393979,0.011177987962166801,0.0011156563778357102,0.0024944567627494785,0.03981566820276501,-0.027999999999999997,-0.00017223561832592252,-0.0024259818046643965,-0.006999999999999999,0.004984141368373211,-0.001939595455804949,0.0009755304446793313,-0.027999999999999997,-0.023231256599788686,-0.004796163069544319,0.024284475281873285,0.0013477088948787449,-0.027999999999999997,-0.027999999999999997,-0.027999999999999997,0,0.0038759689922480724,0.0023640661938535428,0.005749486652977436,0.018324607329842948,0.03595658073270008,-0.001449275362318882,0.009447331128956078,0.0006962172197725954,0.007888672221237385,-0.027999999999999997,0.018920812894183542,0.0018181818181818702,-0.027999999999999997,0.029102667744543186,-0.027999999999999997,-0.002941176470588238,0.0081456636320077,0.010224948875255633,0.006569942513003134,0.004390779363336966,-0.027999999999999997,0.005446623093681995,0.010309278350515472,-0.009149130832570915,-0.027999999999999997,-0.004879130627633577,0.0049910873440284454,0.004848484848484853,-0.008946322067594414,0.010746606334841544,0.024017467248908287,0.005165289256198352,-0.014519056261343024,0.0026329647182727818,0.002604166666666621,-0.003956478733926809,0.0008680555555555202,0.01315789473684214,-0.011961722488038288,-0.002898550724637684,0.01787994891443172,0.027149321266968268,0.004942339373970373,0.002188183807439878,0.0048192771084337215,0.00033704078193457697,-0.0010626992561105217,-0.0018561484918792747,-0.003952569169960451,-0.0017985611510789854,-0.01053740779768178,-0.027999999999999997,0.0023752969121140165,0.006784888203546797,0.0022831050228311156,0.021269633507853422,0,0.006134969325153391,-0.027999999999999997,-0.003146633102580242,-0.013372956909361081,0.034379671150971625,0.07971014492753635,0.056097560975609584,0.026258205689277895,-0.027999999999999997,0.008771929824561351,-0.0016891891891892374,0.004103967168262724,0.008982035928143737,-0.01176470588235287,0.0002534854245881638,0.0024096385542167692,0.03278688524590158,0.006457564575645814,0.03464203233256354,0.003177485247389951,0.0026917900403768576,0.011276827937431838,0.020737327188940047,0.0032017075773745434,0.006273525721455464,-0.013271400132714035,0.0016286644951140816,0.024803149606299278,-0.027999999999999997,-0.010603461718384536,0.031890660592255086,0.01342281879194632,-0.027999999999999997,0,0.009913258983891067,0.0008678044547294387,0.0012056908608632489,0.006622516556291372,0.014688940092165799,-0.027999999999999997,0.010206207040199904,-0.027999999999999997,0.03929273084479375,-0.027999999999999997,-0.011976047904191626,0.04097009653873319,-0.010607915136678898,-0.010315925209542349,0.0018507094386182757,-0.014492753623188354,-0.005161607472041339,0.0075288778877887945,0.0010294420424129536,0.001703841387856242,0.002442002442002512,-0.027999999999999997,0.004333694474539545,0.014336917562723827,-0.007627458851866661,0.0074626865671641104,0.00525920360631096,0,0.020771513353115677,0.014856738592147086,0.0005917159763314272,0.017482517482517498,0.020920502092050226,-0.027999999999999997,0.0009813542688909872,0.03155339805825242,-0.010910134941142766,0.009813542688910663,0.009808729769494859,0.029107981220657234,0.009004042631385599,-0.027999999999999997,0.0027514385881865855,-0.009126466753585478,0.004834810636583427,0.01985684599399676,0.007187350263536183,0.013662511984659594,0.08487982963188298,0.001943870732596372,0.005599104143337071,0.002583025830258223,0.02437731849496566,-0.027999999999999997,0.011149228130360287,-0.005831182487333901,0.0058637798827243575,0.008140462889066186,-0.027999999999999997,0.007352941176470544,-0.027999999999999997,-0.002660263607939269,0.021065675340768367,0],"stats":{"mean":0.00288,"median":0.002442,"p5":-0.028,"p95":0.033491,"p99":0.075932,"n":217},"sharpe":0.149611,"sumUnconstrained":0.609434,"sumConstrained":0.624993}},"placebo":{"stats":{"mean":0.00192,"median":0.00412,"p5":-0.024409,"p95":0.020249,"p99":0.036116,"n":88},"sharpe":0.138641,"n":88},"beats":false}